,U:0,U:1,,,arc_length,p,velMag
,1.3821E-16,3,,,0,2.169,3
,0.0016751,3.0007,,,0.069004,2.1664,3.00070046755087
,0.0032962,3.0014,,,0.13801,2.1638,3.0014018099772
,0.0048633,3.0021,,,0.20701,2.1613,3.0021039391878
,0.0063767,3.0028,,,0.27602,2.1588,3.0028067707235
,0.0078363,3.0034,,,0.34502,2.1563,3.00341022299613
,0.0092424,3.0041,,,0.41402,2.1537,3.00411421752865
,0.010301,3.0058,,,0.48303,2.1481,3.00581765092312
,0.011274,3.0077,,,0.55203,2.142,3.00772112953911
,0.012203,3.0095,,,0.62104,2.136,3.00952474042148
,0.013087,3.0113,,,0.69004,2.13,3.01132843767813
,0.013927,3.0131,,,0.75904,2.124,3.01313218616924
,0.014722,3.0149,,,0.82804,2.1181,3.01493594414276
,0.015239,3.0174,,,0.89705,2.1101,3.01743848108309
,0.015634,3.0201,,,0.96605,2.1013,3.02014046560023
,0.016004,3.0229,,,1.0351,2.0926,3.02294236432255
,0.016348,3.0256,,,1.1041,2.0838,3.02564416564539
,0.016666,3.0283,,,1.1731,2.0752,3.02834585963294
,0.016958,3.0309,,,1.2421,2.0665,3.03094743995405
,0.017057,3.034,,,1.3111,2.0568,3.03404794643213
,0.01698,3.0374,,,1.3801,2.0461,3.03744746133987
,0.016889,3.0409,,,1.4491,2.0354,3.0409468999509
,0.016784,3.0443,,,1.5181,2.0247,3.04434626687833
,0.016666,3.0477,,,1.5871,2.0141,3.04774556771985
,0.016533,3.0511,,,1.6561,2.0034,3.05114479336675
,0.016327,3.0547,,,1.7251,1.9924,3.05474363260307
,0.015955,3.0585,,,1.7941,1.9805,3.05854161521876
,0.015579,3.0623,,,1.8631,1.9686,3.06233962767701
,0.0152,3.0661,,,1.9321,1.9566,3.0661376762957
,0.014818,3.0699,,,2.0011,1.9447,3.06993576205171
,0.014433,3.0736,,,2.0701,1.9328,3.07363388702835
,0.014044,3.0774,,,2.1391,1.9209,3.07743204538069
,0.013575,3.0814,,,2.2081,1.9086,3.08142990194893
,0.013105,3.0853,,,2.2771,1.8962,3.08532783201802
,0.012636,3.0892,,,2.3461,1.8838,3.08922584290887
,0.012168,3.0931,,,2.4151,1.8715,3.09312393386104
,0.011702,3.097,,,2.4841,1.8591,3.0970221078972
,0.011236,3.1009,,,2.5531,1.8467,3.10092035655481
,0.010785,3.1048,,,2.6221,1.8344,3.10481873162106
,0.010342,3.1087,,,2.6911,1.8221,3.10871720279668
,0.0099002,3.1125,,,2.7602,1.8098,3.11251574517464
,0.0094595,3.1164,,,2.8292,1.7976,3.11641435661888
,0.0090199,3.1203,,,2.8982,1.7853,3.12031303695575
,0.0085815,3.1241,,,2.9672,1.773,3.12411178611493
,0.0081509,3.1279,,,3.0362,1.7608,3.12791062007386
,0.007741,3.1317,,,3.1052,1.7488,3.13170956716631
,0.0073355,3.1355,,,3.1742,1.7368,3.13550858068675
,0.0069306,3.1393,,,3.2432,1.7248,3.13930765029749
,0.0065261,3.1431,,,3.3122,1.7129,3.14310677514799
,0.0061223,3.1469,,,3.3812,1.7009,3.14690595546758
,0.005719,3.1507,,,3.4502,1.6889,3.15070519042341
,0.0053374,3.1544,,,3.5192,1.6772,3.15440451556847
,0.0049607,3.1581,,,3.5882,1.6656,3.15810389609723
,0.0045845,3.1617,,,3.6572,1.654,3.16170332378613
,0.004209,3.1654,,,3.7262,1.6424,3.16540279833089
,0.0038339,3.169,,,3.7952,1.6307,3.16900231915176
,0.0034595,3.1727,,,3.8642,1.6191,3.17270188611225
,0.0030865,3.1763,,,3.9332,1.6076,3.17630149961905
,0.0027167,3.1799,,,4.0022,1.5963,3.17990116048579
,0.0023494,3.1834,,,4.0712,1.585,3.18340086694723
,0.0019846,3.187,,,4.1402,1.5736,3.18700061792231
,0.0016222,3.1905,,,4.2092,1.5623,3.1905004124013
,0.0012624,3.1941,,,4.2782,1.551,3.19410024946835
,0.00090502,3.1976,,,4.3472,1.5397,3.19760012807437
,0.00056636,3.2011,,,4.4162,1.5286,3.2011000501021
,0.00023517,3.2045,,,4.4852,1.5175,3.20450000862926
,-9.1019E-05,3.2079,,,4.5543,1.5065,3.20790000129126
,-0.00041233,3.2114,,,4.6233,1.4954,3.2114000264707
,-0.00072886,3.2148,,,4.6923,1.4844,3.21480008262363
,-0.0010404,3.2182,,,4.7613,1.4734,3.21820016817353
,-0.0013432,3.2216,,,4.8303,1.4624,3.22160028001399
,-0.0016303,3.2249,,,4.8993,1.4518,3.22490041208687
,-0.0019077,3.2283,,,4.9683,1.4411,3.22830056365873
,-0.0021767,3.2317,,,5.0373,1.4303,3.23170073305417
,-0.0024383,3.2351,,,5.1063,1.4196,3.23510091887516
,-0.0026927,3.2385,,,5.1753,1.4089,3.23850111944296
,-0.0029396,3.2418,,,5.2443,1.3982,3.24180133278524
,-0.0031559,3.2451,,,5.3133,1.3878,3.24510153457558
,-0.0033531,3.2483,,,5.3823,1.3776,3.24830173064012
,-0.0035421,3.2515,,,5.4513,1.3674,3.25150192933549
,-0.003723,3.2548,,,5.5203,1.3572,3.25480212927437
,-0.0038958,3.258,,,5.5893,1.347,3.25800232922839
,-0.0040605,3.2612,,,5.6583,1.3368,3.26120252785077
,-0.0042169,3.2644,,,5.7273,1.3266,3.26440272366104
,-0.0043484,3.2674,,,5.7963,1.317,3.26740289351995
,-0.0044721,3.2704,,,5.8653,1.3074,3.27040305767935
,-0.0045879,3.2734,,,5.9343,1.2978,3.27340321513046
,-0.0046959,3.2764,,,6.0033,1.2882,3.27640336519739
,-0.0047962,3.2794,,,6.0723,1.2786,3.27940350727605
,-0.0048887,3.2824,,,6.1413,1.2691,3.28240364053352
,-0.0049645,3.2853,,,6.2103,1.2597,3.28530375098867
,-0.0050121,3.2881,,,6.2793,1.2508,3.28810382000727
,-0.0050524,3.2909,,,6.3484,1.2419,3.2909038783814
,-0.0050855,3.2937,,,6.4174,1.2331,3.29370392602466
,-0.0051114,3.2965,,,6.4864,1.2242,3.2965039627475
,-0.0051301,3.2992,,,6.5554,1.2153,3.29920398852905
,-0.0051415,3.302,,,6.6244,1.2065,3.30200400287799
,-0.0051436,3.3046,,,6.6934,1.198,3.30460400299657
,-0.0051312,3.3072,,,6.7624,1.1898,3.30720398058744
,-0.005106,3.3099,,,6.8314,1.1816,3.30990393836981
,-0.0050746,3.3125,,,6.9004,1.1734,3.31250388702642
,-0.0050372,3.3151,,,6.9694,1.1652,3.31510382693873
,-0.0049935,3.3178,,,7.0384,1.1571,3.31780375776541
,-0.0049437,3.3204,,,7.1074,1.1489,3.320403680303
,-0.0048705,3.3229,,,7.1764,1.1412,3.32290356943596
,-0.0047849,3.3253,,,7.2454,1.1336,3.32530344258505
,-0.0046937,3.3278,,,7.3144,1.1261,3.3278033101161
,-0.0045972,3.3302,,,7.3834,1.1186,3.3302031731184
,-0.0044951,3.3326,,,7.4524,1.111,3.33260303155416
,-0.0043874,3.335,,,7.5214,1.1035,3.33500288594759
,-0.0042743,3.3375,,,7.5904,1.096,3.33750273702367
,-0.0041557,3.3397,,,7.6594,1.089,3.339702585537
,-0.0040323,3.342,,,7.7284,1.082,3.34200243259087
,-0.0039044,3.3443,,,7.7974,1.075,3.34430227915172
,-0.0037721,3.3465,,,7.8664,1.068,3.34650212591273
,-0.0036352,3.3488,,,7.9354,1.061,3.34880197304634
,-0.0034937,3.351,,,8.0044,1.054,3.3510018212379
,-0.0033479,3.3533,,,8.0734,1.0471,3.35330167125393
,-0.0031618,3.3554,,,8.1425,1.0405,3.35540148968484
,-0.0029691,3.3575,,,8.2115,1.0339,3.35750131281505
,-0.0027722,3.3597,,,8.2805,1.0273,3.35970114371693
,-0.0025712,3.3618,,,8.3495,1.0207,3.3618009832632
,-0.0023658,3.3639,,,8.4185,1.0142,3.36390083192261
,-0.0021563,3.3661,,,8.4875,1.0076,3.36610069065524
,-0.0019417,3.3682,,,8.5565,1.0011,3.36820055967558
,-0.0016992,3.3704,,,8.6255,0.99474,3.37040042832905
,-0.0014532,3.3725,,,8.6945,0.98843,3.37250031308972
,-0.0012044,3.3746,,,8.7635,0.98212,3.37460021492611
,-0.0009528,3.3768,,,8.8325,0.97581,3.37680013442132
,-0.00069847,3.3789,,,8.9015,0.96949,3.37890007219218
,-0.00044144,3.381,,,8.9705,0.96318,3.38100002881829
,-0.0001816,3.3832,,,9.0395,0.95686,3.38320000487387
,0.00015937,3.3853,,,9.1085,0.95068,3.38530000375134
,0.00050946,3.3873,,,9.1775,0.94451,3.38730003831215
,0.00086241,3.3894,,,9.2465,0.93834,3.38940010971721
,0.0012183,3.3915,,,9.3155,0.93215,3.39150021881982
,0.0015772,3.3936,,,9.3845,0.92596,3.3936003665075
,0.0019389,3.3957,,,9.4535,0.91976,3.39570055354314
,0.0023036,3.3978,,,9.5225,0.91356,3.39780078088356
,0.0027359,3.3999,,,9.5915,0.90739,3.39990110078938
,0.0031843,3.4019,,,9.6605,0.90122,3.40190149030898
,0.003636,3.404,,,9.7295,0.89504,3.40400194190544
,0.0040909,3.4061,,,9.7985,0.88885,3.406102456689
,0.0045489,3.4082,,,9.8675,0.88264,3.40820303569069
,0.00501,3.4102,,,9.9366,0.87642,3.41020368014874
,0.0054743,3.4123,,,10.006,0.87019,3.41230439116449
,0.0060494,3.4144,,,10.075,0.86391,3.41440535895203
,0.0066796,3.4165,,,10.144,0.8576,3.41650652963757
,0.0073141,3.4186,,,10.213,0.85127,3.41860782425519
,0.0079526,3.4207,,,10.282,0.84492,3.42070924427183
,0.0085936,3.4228,,,10.351,0.83853,3.42281078792868
,0.0092368,3.425,,,10.42,0.83209,3.42501245522907
,0.0098835,3.4271,,,10.489,0.82563,3.42711425160765
,0.010602,3.4292,,,10.558,0.81907,3.42921638897343
,0.011401,3.4313,,,10.627,0.81239,3.43131894069919
,0.012204,3.4334,,,10.696,0.80568,3.43342168945441
,0.013011,3.4356,,,10.765,0.79894,3.43562463696502
,0.013821,3.4377,,,10.834,0.79218,3.43772778300449
,0.014635,3.4399,,,10.903,0.78538,3.43993113204683
,0.015453,3.442,,,10.972,0.77856,3.44203468826347
,0.016324,3.4442,,,11.041,0.77164,3.44423868408913
,0.017401,3.4465,,,11.11,0.76443,3.44654392758906
,0.018484,3.4487,,,11.179,0.75719,3.44874953399866
,0.019574,3.451,,,11.248,0.7499,3.45105551121334
,0.020671,3.4532,,,11.317,0.74258,3.45326186818217
,0.021775,3.4555,,,11.386,0.73522,3.45556860742556
,0.022885,3.4578,,,11.455,0.72782,3.45787572987015
,0.024002,3.46,,,11.524,0.72039,3.46008324986611
,0.025288,3.4624,,,11.593,0.71249,3.46249234554302
,0.026601,3.4648,,,11.662,0.70448,3.46490211307636
,0.027916,3.4673,,,11.731,0.69642,3.46741237712736
,0.029234,3.4697,,,11.8,0.68831,3.46982315352757
,0.030554,3.4721,,,11.869,0.68016,3.47223443288554
,0.031877,3.4746,,,11.938,0.67196,3.47474622139934
,0.033202,3.4771,,,12.007,0.66371,3.47725851538306
,0.034719,3.4796,,,12.076,0.65507,3.47977320654105
,0.036397,3.4817,,,12.145,0.64588,3.48189023830577
,0.038079,3.4838,,,12.214,0.63662,3.48400810134549
,0.039768,3.4859,,,12.283,0.62729,3.48612683415621
,0.041463,3.488,,,12.352,0.61789,3.48824643343457
,0.043164,3.4901,,,12.421,0.60843,3.49036690634323
,0.044871,3.4923,,,12.49,0.5989,3.49258825180424
,0.046585,3.4944,,,12.559,0.58929,3.49471050621149
,0.048535,3.4968,,,12.628,0.57859,3.49713681262615
,0.050486,3.4992,,,12.697,0.5678,3.49956418375146
,0.052437,3.5016,,,12.766,0.55693,3.50199260407114
,0.054389,3.5041,,,12.835,0.54596,3.50452207487997
,0.05634,3.5066,,,12.904,0.53491,3.50705257382891
,0.058292,3.5091,,,12.973,0.52377,3.50958413024449
,0.060244,3.5116,,,13.042,0.51254,3.51211672635407
,0.06247,3.5143,,,13.111,0.50055,3.51485518775667
,0.065033,3.5172,,,13.18,0.48762,3.51780117844784
,0.067599,3.5202,,,13.249,0.47457,3.52084899772782
,0.070168,3.5231,,,13.318,0.4614,3.52379868298744
,0.07274,3.5261,,,13.387,0.44812,3.52685019778272
,0.075316,3.5292,,,13.456,0.43472,3.53000356088432
,0.077895,3.5322,,,13.525,0.4212,3.53305879812734
,0.080477,3.5353,,,13.594,0.40757,3.53621586410233
,0.08348,3.5392,,,13.663,0.39203,3.54018439497154
,0.086566,3.5434,,,13.732,0.37598,3.54445725497656
,0.089655,3.5476,,,13.801,0.35976,3.54873270041926
,0.092814,3.5497,,,13.87,0.34321,3.55091319643215
,0.095991,3.552,,,13.939,0.3265,3.55329681733471
,0.099186,3.5545,,,14.008,0.30963,3.55588359097932
,0.1024,3.5571,,,14.077,0.29262,3.55857361452591
,0.10608,3.5599,,,14.146,0.27485,3.56148016650381
,0.11232,3.5629,,,14.215,0.25349,3.56466999768562
,0.11864,3.5659,,,14.284,0.23172,3.56787307223786
,0.12503,3.5689,,,14.353,0.20956,3.57108942913784
,0.13149,3.5719,,,14.422,0.18701,3.57431940795727
,0.13802,3.5748,,,14.491,0.16406,3.57746342544546
,0.14463,3.5778,,,14.56,0.14072,3.58072208875528
,0.1513,3.5807,,,14.629,0.11698,3.58389511286254
,0.15963,3.584,,,14.698,0.092389,3.58755316851193
,0.17039,3.5877,,,14.767,0.066974,3.59174387200702
,0.18115,3.5914,,,14.836,0.04156,3.59596569540089
,0.18889,3.5955,,,14.905,0.014724,3.60045826001358
,0.19354,3.6,,,14.974,-0.013566,3.60519870903117
,0.19819,3.6046,,,15.043,-0.041856,3.61004438145849
,0.20076,3.6093,,,15.112,-0.069181,3.61487912212843
,0.20163,3.6142,,,15.181,-0.095717,3.61981992603223
,0.20578,3.621,,,15.25,-0.1348,3.62684248464143
,0.20758,3.6344,,,15.319,-0.19684,3.64032317471952
,0.20838,3.651,,,15.388,-0.26748,3.65694178575487
,0.21569,3.639,,,15.457,-0.30843,3.64538656058586
,0.2276,3.6396,,,15.526,-0.32099,3.64670946470925
,0.24485,3.6425,,,15.595,-0.32247,3.65072017176064
,0.25794,3.6496,,,15.664,-0.34482,3.65870376002212
,0.29539,3.6306,,,15.733,-0.34975,3.64259682261158
,0.31497,3.6155,,,15.802,-0.35969,3.62919362267984
,0.33194,3.6095,,,15.871,-0.36518,3.62473094361499
,0.35057,3.6072,,,15.94,-0.3673,3.62419524376102
,0.37919,3.5985,,,16.009,-0.36462,3.61842331770344
,0.37856,3.5813,,,16.078,-0.35157,3.60125219383481
,0.38807,3.5716,,,16.147,-0.35056,3.59262089356781
,0.3984,3.5672,,,16.216,-0.34847,3.58937855345462
,0.40967,3.5671,,,16.285,-0.34464,3.59054757925584
,0.42209,3.5619,,,16.354,-0.33436,3.58682193286759
,0.43285,3.5628,,,16.423,-0.32745,3.58899748711252
,0.44153,3.5564,,,16.492,-0.32739,3.58370335001378
,0.45001,3.5543,,,16.561,-0.32731,3.58267462799791
,0.45881,3.5514,,,16.63,-0.32487,3.58091448880031
,0.46837,3.5445,,,16.699,-0.31858,3.57531127412705
,0.47767,3.5451,,,16.768,-0.3135,3.57713609454547
,0.4869,3.5471,,,16.837,-0.3088,3.58036171636331
,0.49633,3.5427,,,16.906,-0.30312,3.5772988076061
,0.50268,3.5317,,,16.975,-0.29232,3.56729478350192
,0.50896,3.5248,,,17.044,-0.28145,3.5613558263111
,0.51598,3.5248,,,17.113,-0.27192,3.56236584314413
,0.52374,3.5318,,,17.182,-0.26374,3.57042221979418
,0.53046,3.533,,,17.251,-0.25574,3.5726008469461
,0.53459,3.5185,,,17.32,-0.24642,3.55888026183798
,0.53941,3.5088,,,17.389,-0.238,3.55001980108562
,0.54493,3.5039,,,17.458,-0.23048,3.54602085652355
,0.55115,3.5036,,,17.527,-0.22386,3.5466856757401
,0.5562,3.5004,,,17.596,-0.21744,3.54431355836359
,0.56121,3.4993,,,17.665,-0.21141,3.54401709280585
,0.56744,3.5048,,,17.734,-0.20608,3.55043816924052
,0.57243,3.4975,,,17.803,-0.19971,3.54403475644639
,0.57813,3.4939,,,17.872,-0.19396,3.54140812487067
,0.582,3.484,,,17.941,-0.18863,3.5322768860892
,0.58661,3.4787,,,18.01,-0.18377,3.5278130594038
,0.59229,3.4792,,,18.079,-0.17941,3.52925489078077
,0.59905,3.4856,,,18.148,-0.17555,3.53670302153008
,0.60689,3.4978,,,18.217,-0.17218,3.55005919839374
,0.61117,3.4926,,,18.286,-0.16935,3.54567109711265
,0.61448,3.4818,,,18.355,-0.1669,3.53560700734683
,0.61852,3.4745,,,18.424,-0.16475,3.529124146357
,0.6233,3.4707,,,18.493,-0.1629,3.52622480565264
,0.62878,3.4702,,,18.562,-0.16134,3.5267055913983
,0.63267,3.4635,,,18.631,-0.15981,3.52081007424428
,0.63754,3.4617,,,18.7,-0.15863,3.51991820098138
,0.64339,3.465,,,18.769,-0.15779,3.52422696376099
,0.65021,3.4732,,,18.838,-0.15732,3.53353806886243
,0.65642,3.4788,,,18.907,-0.15669,3.5401887882428
,0.6595,3.4699,,,18.976,-0.15526,3.53201730743211
,0.66293,3.4627,,,19.045,-0.15395,3.52558753612784
,0.66705,3.4587,,,19.114,-0.15286,3.52243685429562
,0.67185,3.4578,,,19.183,-0.15198,3.52246550905754
,0.67734,3.4601,,,19.252,-0.15131,3.52577388463866
,0.68207,3.4599,,,19.321,-0.15037,3.52648940093402
,0.68707,3.4611,,,19.39,-0.14947,3.52863690323898
,0.69308,3.4667,,,19.459,-0.14883,3.53530320855227
,0.7001,3.4766,,,19.528,-0.14845,3.54639078077981
,0.7042,3.4734,,,19.597,-0.14845,3.54406619577005
,0.70776,3.4686,,,19.666,-0.14835,3.54007205824966
,0.71051,3.4618,,,19.735,-0.14769,3.53396147405429
,0.71374,3.4571,,,19.804,-0.14721,3.53000923477546
,0.71744,3.4546,,,19.873,-0.14689,3.52831139691496
,0.72162,3.4541,,,19.942,-0.14675,3.5286742885112
,0.72629,3.4558,,,20.011,-0.14677,3.5312959100166
,0.72999,3.4541,,,20.08,-0.1462,3.53039547502826
,0.73412,3.4544,,,20.149,-0.14578,3.53154520492093
,0.7389,3.4576,,,20.218,-0.14566,3.53567121916051
,0.74433,3.4636,,,20.287,-0.14582,3.54267584022304
,0.75043,3.4725,,,20.356,-0.14626,3.55266117648447
,0.75406,3.4692,,,20.425,-0.14617,3.5502049410703
,0.75692,3.4643,,,20.494,-0.14575,3.54602627971085
,0.76015,3.4609,,,20.563,-0.14548,3.54339622854967
,0.76375,3.4591,,,20.632,-0.14535,3.54241257796152
,0.76772,3.4588,,,20.701,-0.14537,3.54297776431069
,0.77207,3.4601,,,20.77,-0.14554,3.54519168662288
,0.77595,3.4605,,,20.839,-0.14545,3.54642900006471
,0.77964,3.4609,,,20.908,-0.14519,3.54762841058643
,0.78382,3.4632,,,20.977,-0.14508,3.55079259214052
,0.78849,3.4675,,,21.046,-0.14514,3.55601922521518
,0.79364,3.4738,,,21.115,-0.14535,3.56330617399067
,0.79929,3.4821,,,21.184,-0.14571,3.57265796209209
,0.80339,3.4846,,,21.253,-0.14607,3.57601351397055
,0.80585,3.4804,,,21.322,-0.14653,3.57247510593146
,0.80854,3.4771,,,21.391,-0.14707,3.56986853281742
,0.81145,3.4747,,,21.46,-0.1477,3.56819158573359
,0.81461,3.4732,,,21.529,-0.14842,3.56745114782249
,0.81799,3.4726,,,21.598,-0.14923,3.56764045275025
,0.82078,3.4702,,,21.667,-0.14967,3.56594557563629
,0.82357,3.4682,,,21.736,-0.15004,3.56464286919461
,0.82665,3.4673,,,21.805,-0.15051,3.56448025839673
,0.83002,3.4675,,,21.874,-0.15106,3.56545781778442
,0.83368,3.469,,,21.943,-0.1517,3.56777007981176
,0.83764,3.4716,,,22.012,-0.15242,3.57122490605114
,0.84152,3.4744,,,22.081,-0.15289,3.57485821682483
,0.84541,3.4778,,,22.15,-0.15319,3.57907961745754
,0.84965,3.4825,,,22.219,-0.15362,3.58464940719452
,0.85423,3.4886,,,22.288,-0.15418,3.59166240798046
,0.85774,3.491,,,22.357,-0.15481,3.59482946850056
,0.86012,3.4894,,,22.426,-0.15551,3.59384456736793
,0.86234,3.4875,,,22.495,-0.15618,3.59253204934904
,0.86423,3.485,,,22.564,-0.15673,3.59055963505691
,0.86631,3.4831,,,22.633,-0.1574,3.58921699345414
,0.86858,3.4819,,,22.702,-0.15818,3.58860123535619
,0.87104,3.4814,,,22.771,-0.15907,3.58871239326865
,0.87369,3.4815,,,22.84,-0.16008,3.58945350521497
,0.87654,3.4823,,,22.909,-0.1612,3.59092406792458
,0.87905,3.4828,,,22.978,-0.16209,3.59202237499991
,0.88174,3.484,,,23.047,-0.16303,3.59384493649907
,0.88465,3.486,,,23.116,-0.16406,3.59649852252159
,0.8878,3.4887,,,23.185,-0.16518,3.59989118307762
,0.89118,3.4921,,,23.254,-0.16639,3.60402056076266
,0.89479,3.4964,,,23.323,-0.16769,3.60908050673575
,0.89827,3.5005,,,23.392,-0.16881,3.6139160536598
,0.90162,3.5046,,,23.461,-0.16972,3.6187207386589
,0.90497,3.5089,,,23.53,-0.17072,3.62372045153872
,0.90612,3.5068,,,23.599,-0.17188,3.62197455739269
,0.90738,3.5051,,,23.668,-0.17313,3.62064420709906
,0.90876,3.5037,,,23.737,-0.17447,3.61963512354491
,0.91025,3.5025,,,23.806,-0.17589,3.61884806430168
,0.91156,3.5012,,,23.875,-0.17709,3.61791971630107
,0.91285,3.5001,,,23.944,-0.17825,3.61718055016611
,0.91425,3.4992,,,24.013,-0.17951,3.61666333828572
,0.91577,3.4986,,,24.082,-0.18088,3.61646742732463
,0.9174,3.4984,,,24.151,-0.18234,3.61668706415139
,0.91915,3.4985,,,24.22,-0.18391,3.61722807858448
,0.92101,3.499,,,24.289,-0.18558,3.61818468573676
,0.92247,3.4988,,,24.358,-0.18703,3.61836321295969
,0.92403,3.4991,,,24.427,-0.18856,3.61905129155418
,0.9257,3.4996,,,24.496,-0.19018,3.61996141554023
,0.92749,3.5005,,,24.565,-0.19188,3.62128954242822
,0.9294,3.5018,,,24.634,-0.19366,3.62303568848004
,0.93141,3.5034,,,24.703,-0.19553,3.62509808806603
,0.93355,3.5054,,,24.772,-0.19749,3.62758111728739
,0.93547,3.5074,,,24.841,-0.19924,3.63000811030774
,0.93748,3.5098,,,24.91,-0.20102,3.63284527476742
,0.9396,3.5125,,,24.979,-0.20286,3.63600115649047
,0.94184,3.5156,,,25.048,-0.20477,3.63957496771258
,0.94421,3.519,,,25.117,-0.20674,3.6434727286066
,0.94557,3.5199,,,25.186,-0.20864,3.64469458732827
,0.94592,3.5181,,,25.255,-0.21048,3.64304711147138
,0.94615,3.5162,,,25.324,-0.21197,3.64127206653115
,0.94642,3.5145,,,25.393,-0.21345,3.63970068362771
,0.94675,3.513,,,25.462,-0.21498,3.63833815944862
,0.94715,3.5117,,,25.531,-0.21656,3.63718710166249
,0.94761,3.5106,,,25.6,-0.21819,3.63624491365749
,0.94815,3.5097,,,25.669,-0.21988,3.63551681504845
,0.94875,3.5089,,,25.738,-0.22161,3.63490106777337
,0.94933,3.5083,,,25.807,-0.22323,3.63447332345417
,0.94985,3.5076,,,25.876,-0.22467,3.63393351376989
,0.95043,3.5071,,,25.945,-0.22616,3.63360256424667
,0.95108,3.5068,,,26.014,-0.22771,3.63348309565354
,0.95179,3.5066,,,26.083,-0.22931,3.63347598920097
,0.95257,3.5067,,,26.152,-0.23097,3.63377689118361
,0.9534,3.5069,,,26.221,-0.23268,3.6341875529477
,0.95429,3.5073,,,26.29,-0.23442,3.63480710548717
,0.95501,3.5075,,,26.359,-0.23584,3.63518917665917
,0.95577,3.5079,,,26.428,-0.23732,3.63577484216226
,0.95657,3.5084,,,26.497,-0.23885,3.63646761636894
,0.95742,3.5091,,,26.566,-0.24043,3.63736661149244
,0.95832,3.5099,,,26.635,-0.24206,3.63837535617204
,0.95926,3.5108,,,26.704,-0.24374,3.63949122647658
,0.96024,3.5119,,,26.773,-0.24547,3.64081068823964
,0.96121,3.5131,,,26.842,-0.24718,3.64222408345505
,0.96203,3.5143,,,26.911,-0.24871,3.64359797602589
,0.96289,3.5156,,,26.98,-0.25029,3.64507894456348
,0.9638,3.5171,,,27.049,-0.25194,3.64676608106415
,0.96475,3.5187,,,27.118,-0.25365,3.64856029859724
,0.96448,3.5159,,,27.188,-0.25537,3.64578859513275
,0.96391,3.5121,,,27.257,-0.25711,3.641973214907
,0.96339,3.5085,,,27.326,-0.25889,3.63836399252466
,0.96285,3.5052,,,27.395,-0.26049,3.63503881169101
,0.96227,3.5022,,,27.464,-0.26194,3.63199234482949
,0.96172,3.4993,,,27.533,-0.26342,3.62905026810046
,0.9612,3.4965,,,27.602,-0.26492,3.62621258201998
,0.96071,3.4938,,,27.671,-0.26646,3.6234792871079
,0.96024,3.4911,,,27.74,-0.26802,3.62075131258693
,0.9598,3.4886,,,27.809,-0.26961,3.6182241500493
,0.95939,3.4862,,,27.878,-0.27123,3.61580137896152
,0.95891,3.4838,,,27.947,-0.27274,3.61336004684006
,0.95827,3.4814,,,28.016,-0.27401,3.61087625832013
,0.95765,3.4791,,,28.085,-0.27532,3.60849419183404
,0.95707,3.4769,,,28.154,-0.27666,3.60621915514019
,0.95652,3.4748,,,28.223,-0.27803,3.60404849445731
,0.956,3.4727,,,28.292,-0.27944,3.60188579635724
,0.95551,3.4707,,,28.361,-0.28088,3.59982747504655
,0.95505,3.4688,,,28.43,-0.28236,3.59787353064279
,0.95457,3.467,,,28.499,-0.28377,3.59601069032059
,0.95397,3.4654,,,28.568,-0.28487,3.59430882380744
,0.95339,3.4639,,,28.637,-0.28599,3.59270868594992
,0.95282,3.4623,,,28.706,-0.28715,3.5910147928406
,0.95227,3.4608,,,28.775,-0.28834,3.58942262667689
,0.95174,3.4593,,,28.844,-0.28956,3.58783577071192
,0.95122,3.4579,,,28.913,-0.29081,3.58634798902728
,0.95072,3.4565,,,28.982,-0.2921,3.58486551608286
,0.95023,3.4551,,,29.051,-0.29341,3.58338569831661
,0.94951,3.4536,,,29.12,-0.29474,3.58174848364594
,0.94864,3.4521,,,29.189,-0.29611,3.58007154392199
,0.94778,3.4505,,,29.258,-0.29751,3.5783008786853
,0.94694,3.449,,,29.327,-0.29896,3.57663198604497
,0.94612,3.4475,,,29.396,-0.30045,3.57496843404246
,0.94531,3.4461,,,29.465,-0.30198,3.5734040082392
,0.94451,3.4446,,,29.534,-0.30354,3.57174583363654
,0.94373,3.4432,,,29.603,-0.30515,3.57018942815364
,0.94297,3.4418,,,29.672,-0.30677,3.56863834829196
,0.94221,3.4407,,,29.741,-0.30802,3.56737665156064
,0.94146,3.4396,,,29.81,-0.30928,3.56611764971376
,0.94072,3.4384,,,29.879,-0.31055,3.56476488402812
,0.93998,3.4373,,,29.948,-0.31184,3.56350862078374
,0.93924,3.4361,,,30.017,-0.31314,3.56215594655821
,0.93851,3.435,,,30.086,-0.31446,3.56090241653713
,0.93779,3.4339,,,30.155,-0.31578,3.55965156919887
,0.93708,3.4327,,,30.224,-0.31712,3.55830693116825
,0.93637,3.4315,,,30.293,-0.31848,3.55696233138615
,0.93541,3.4296,,,30.362,-0.32006,3.55487665441433
,0.93444,3.4276,,,30.431,-0.32166,3.55269191931977
,0.93348,3.4255,,,30.5,-0.32326,3.55041337880535
,0.9325,3.4234,,,30.569,-0.32486,3.54812962136391
,0.93153,3.4213,,,30.638,-0.32648,3.54584853468108
,0.93055,3.4192,,,30.707,-0.3281,3.54356486359429
,0.92957,3.417,,,30.776,-0.32972,3.54118474311917
,0.92813,3.4132,,,30.845,-0.33134,3.53714002223548
,0.92577,3.4057,,,30.914,-0.33294,3.52928357926931
,0.92385,3.4004,,,30.983,-0.33499,3.52366556053494
,0.92194,3.3952,,,31.052,-0.33708,3.518146728549
,0.92002,3.39,,,31.121,-0.33918,3.51262534301625
,0.9181,3.3847,,,31.19,-0.34128,3.50700751353629
,0.91617,3.3794,,,31.259,-0.34339,3.5013871292532
,0.91423,3.3741,,,31.328,-0.3455,3.49576419440728
,0.91228,3.3688,,,31.397,-0.34762,3.49013871334651
,0.91033,3.3634,,,31.466,-0.34975,3.48441677600427
,0.90837,3.3581,,,31.535,-0.35189,3.47878882183153
,0.90634,3.3523,,,31.604,-0.35401,3.47266000143982
,0.90414,3.3457,,,31.673,-0.35609,3.46571459148038
,0.90193,3.339,,,31.742,-0.35816,3.45867008037772
,0.8997,3.3323,,,31.811,-0.36024,3.45162039917486
,0.89747,3.3256,,,31.88,-0.36231,3.44457076584297
,0.89523,3.3189,,,31.949,-0.36439,3.43751857637162
,0.89297,3.3121,,,32.018,-0.36646,3.43036467899551
,0.89071,3.3052,,,32.087,-0.36853,3.42311427564141
,0.88843,3.2984,,,32.156,-0.3706,3.41595527267264
,0.88614,3.2915,,,32.225,-0.37267,3.40869716308152
,0.88435,3.286,,,32.294,-0.37434,3.40292093979569
,0.88274,3.2812,,,32.363,-0.37587,3.39786747057621
,0.88113,3.2762,,,32.432,-0.37741,3.3926208920096
,0.87951,3.2713,,,32.501,-0.37894,3.38746830687757
,0.87789,3.2664,,,32.57,-0.38047,3.38231574695504
,0.87626,3.2614,,,32.639,-0.38199,3.37706404256715
,0.87462,3.2564,,,32.708,-0.38352,3.37180976693526
,0.87298,3.2515,,,32.777,-0.38505,3.36665209524239
,0.87134,3.2464,,,32.846,-0.38657,3.36130128902483
,0.86969,3.2414,,,32.915,-0.38809,3.35604449554829
,0.86781,3.2352,,,32.984,-0.38927,3.3495691120053
,0.86571,3.2279,,,33.053,-0.39011,3.34197429883894
,0.8636,3.2206,,,33.122,-0.39096,3.33437690131155
,0.86148,3.2132,,,33.191,-0.3918,3.32668033186238
,0.85936,3.2058,,,33.26,-0.39265,3.31898376760116
,0.85724,3.1985,,,33.329,-0.39349,3.31138379950135
,0.85511,3.1911,,,33.398,-0.39433,3.30368465839281
,0.85297,3.1836,,,33.467,-0.39518,3.29588634223027
,0.85082,3.1762,,,33.536,-0.39602,3.28818203760072
,0.84867,3.1688,,,33.605,-0.39686,3.28047774095481
,0.84664,3.1618,,,33.674,-0.39744,3.27319087888256
,0.84489,3.1562,,,33.743,-0.39744,3.26732880991491
,0.84315,3.1506,,,33.812,-0.39744,3.26146934409937
,0.84141,3.145,,,33.881,-0.39744,3.25560989495056
,0.83968,3.1394,,,33.95,-0.39743,3.24975304637137
,0.83795,3.1338,,,34.019,-0.39743,3.24389621327502
,0.83623,3.1283,,,34.088,-0.39742,3.23813858611703
,0.83451,3.1227,,,34.157,-0.39741,3.23228436714655
,0.8328,3.1172,,,34.226,-0.3974,3.22652935520506
,0.83109,3.1117,,,34.295,-0.39739,3.22077436001034
,0.82939,3.1062,,,34.364,-0.39737,3.21502196137134
,0.82732,3.0999,,,34.433,-0.39709,3.20840122060817
,0.82461,3.0921,,,34.502,-0.39636,3.20016625538424
,0.82192,3.0844,,,34.571,-0.39564,3.19203318378741
,0.81922,3.0766,,,34.64,-0.39491,3.18380102525268
,0.81653,3.0689,,,34.709,-0.39417,3.17566818967284
,0.81384,3.0611,,,34.778,-0.39344,3.16743883217972
,0.81115,3.0534,,,34.847,-0.3927,3.15930623436539
,0.80847,3.0457,,,34.916,-0.39196,3.15117632494597
,0.80579,3.038,,,34.985,-0.39122,3.14304653546523
,0.80311,3.0303,,,35.054,-0.39047,3.13491686685628
,0.80044,3.0226,,,35.123,-0.38972,3.12678987998874
,0.79772,3.0152,,,35.192,-0.38884,3.1189402428389
,0.79494,3.008,,,35.261,-0.3878,3.11126880928023
,0.79216,3.0008,,,35.33,-0.38675,3.10359760690718
,0.78939,2.9936,,,35.399,-0.38569,3.09592918719082
,0.78662,2.9864,,,35.468,-0.38463,3.0882609968071
,0.78386,2.9792,,,35.537,-0.38356,3.08059558196138
,0.7811,2.9721,,,35.606,-0.38248,3.07302711019607
,0.77834,2.9649,,,35.675,-0.3814,3.06536215896262
,0.77559,2.9577,,,35.744,-0.38031,3.05769997516107
,0.77284,2.9506,,,35.813,-0.37921,3.0501347553182
,0.77009,2.9434,,,35.882,-0.37811,3.04247303490105
,0.76735,2.9363,,,35.951,-0.37701,3.03491082447244
,0.76441,2.9292,,,36.02,-0.37587,3.02729834804897
,0.76137,2.922,,,36.089,-0.37471,3.01956425281861
,0.75832,2.9148,,,36.158,-0.37355,3.01182805989983
,0.75527,2.9076,,,36.227,-0.37238,3.00409229766663
,0.75221,2.9004,,,36.296,-0.37121,2.99635445902183
,0.74914,2.8931,,,36.365,-0.37004,2.98851775126065
,0.74606,2.8858,,,36.434,-0.36887,2.98067897694468
,0.74298,2.8785,,,36.503,-0.36769,2.97284065001809
,0.73988,2.8712,,,36.572,-0.3665,2.96499778320322
,0.73678,2.8638,,,36.641,-0.36532,2.95705853990076
,0.73329,2.8551,,,36.71,-0.36415,2.94776359874736
,0.7298,2.8465,,,36.779,-0.36297,2.93856602614268
,0.72559,2.8362,,,36.848,-0.36194,2.92754355870241
,0.72133,2.8259,,,36.917,-0.36094,2.91650951976845
,0.71713,2.8157,,,36.986,-0.35993,2.90558805182359
,0.71298,2.8057,,,37.055,-0.35893,2.89487356725643
,0.70889,2.7958,,,37.124,-0.35793,2.88427160165266
,0.70485,2.7862,,,37.193,-0.35694,2.87397354937376
,0.70086,2.7766,,,37.262,-0.35595,2.86368858285953
,0.69693,2.7673,,,37.331,-0.35496,2.85370999137964
,0.69305,2.7581,,,37.4,-0.35397,2.84384140072895
,0.68999,2.7502,,,37.469,-0.35335,2.83543404791929
,0.68705,2.7426,,,37.538,-0.35276,2.82734724830538
,0.68415,2.735,,,37.607,-0.35219,2.81927051247304
,0.68128,2.7276,,,37.676,-0.35164,2.81139541836434
,0.67844,2.7203,,,37.745,-0.35109,2.80362496129564
,0.67565,2.7131,,,37.814,-0.35056,2.7959639719603
,0.67289,2.7061,,,37.883,-0.35004,2.78850464623963
,0.67016,2.6991,,,37.952,-0.34954,2.78105290053965
,0.66748,2.6923,,,38.021,-0.34904,2.77380764300627
,0.66533,2.6853,,,38.09,-0.34783,2.76649599654509
,0.66324,2.6784,,,38.159,-0.34657,2.75929589888435
,0.66116,2.6716,,,38.228,-0.34532,2.7521953247544
,0.65909,2.6648,,,38.297,-0.34407,2.74509720558307
,0.65703,2.6581,,,38.366,-0.34284,2.73809861599249
,0.65499,2.6514,,,38.435,-0.3416,2.73110487900044
,0.65295,2.6447,,,38.504,-0.34038,2.72411119312336
,0.65093,2.6381,,,38.573,-0.33916,2.71721943812052
,0.64893,2.6316,,,38.642,-0.33795,2.71042961629702
,0.64697,2.6242,,,38.711,-0.33524,2.70277557723537
,0.64502,2.6167,,,38.78,-0.33245,2.69502684409636
,0.64308,2.6092,,,38.849,-0.32965,2.68728050757639
,0.64115,2.6017,,,38.918,-0.32683,2.6795365667406
,0.63922,2.5942,,,38.987,-0.32399,2.67179262825542
,0.6373,2.5867,,,39.056,-0.32114,2.66405108434504
,0.63539,2.5792,,,39.125,-0.31828,2.65631193426149
,0.63348,2.5717,,,39.194,-0.3154,2.64857278555829
,0.63157,2.5641,,,39.263,-0.3125,2.64073654022888
,0.62924,2.5559,,,39.332,-0.30839,2.63221727591018
,0.62689,2.5476,,,39.401,-0.30421,2.62359616406565
,0.62453,2.5393,,,39.47,-0.3,2.61497269792631
,0.62218,2.5308,,,39.539,-0.29576,2.60615743814529
,0.61982,2.5223,,,39.608,-0.29148,2.59733981650457
,0.61747,2.5138,,,39.677,-0.28717,2.58852460697209
,0.61511,2.5051,,,39.746,-0.28282,2.57951280712076
,0.61275,2.4964,,,39.815,-0.27845,2.57050102557848
,0.61039,2.4876,,,39.884,-0.27404,2.56139214336657
,0.60705,2.4784,,,39.953,-0.26923,2.55166147098317
,0.60368,2.4691,,,40.022,-0.26438,2.54182697137315
,0.60028,2.4597,,,40.091,-0.25949,2.53188865639862
,0.59687,2.4501,,,40.16,-0.25457,2.52175411309271
,0.59343,2.4405,,,40.229,-0.24961,2.51161291103944
,0.58997,2.4307,,,40.298,-0.24462,2.50127309402632
,0.58649,2.4208,,,40.367,-0.23959,2.49083182091847
,0.58298,2.4108,,,40.436,-0.23452,2.4802867415684
,0.57943,2.4008,,,40.505,-0.22942,2.46973273147116
,0.57493,2.3912,,,40.574,-0.22471,2.45934583678262
,0.57038,2.3815,,,40.643,-0.21997,2.44885189311236
,0.56578,2.3717,,,40.712,-0.2152,2.43825099167416
,0.56113,2.3617,,,40.781,-0.2104,2.42744593490772
,0.55643,2.3516,,,40.85,-0.20557,2.41653406864046
,0.55167,2.3413,,,40.919,-0.2007,2.40541586402435
,0.54687,2.3309,,,40.988,-0.19581,2.39419331026131
,0.54201,2.3203,,,41.057,-0.19089,2.3827645561616
,0.53709,2.3097,,,41.126,-0.18596,2.37132447339035
,0.53167,2.3007,,,41.195,-0.18186,2.36133298772113
,0.52619,2.2915,,,41.264,-0.17773,2.3511376323176
,0.52063,2.2822,,,41.333,-0.17357,2.34083156952823
,0.515,2.2726,,,41.402,-0.1694,2.3302222554941
,0.50929,2.2629,,,41.471,-0.16521,2.31950268680595
,0.50351,2.253,,,41.54,-0.16099,2.30857776999173
,0.49765,2.243,,,41.609,-0.15675,2.29754314921396
,0.49172,2.2327,,,41.678,-0.15249,2.28620599430585
,0.48572,2.2224,,,41.747,-0.14828,2.27485948541882
,0.47964,2.2141,,,41.816,-0.14504,2.26545654109718
,0.47348,2.2056,,,41.885,-0.14179,2.25584899104528
,0.46723,2.1969,,,41.954,-0.13853,2.24603505825265
,0.46091,2.188,,,42.023,-0.13527,2.23601923697002
,0.4545,2.179,,,42.092,-0.132,2.22589560626728
,0.44801,2.1697,,,42.161,-0.12871,2.21547084162712
,0.44144,2.1603,,,42.23,-0.12542,2.20494112474687
,0.43478,2.1507,,,42.299,-0.12213,2.19420694976568
,0.42808,2.1411,,,42.368,-0.11892,2.18347468416742
,0.42227,2.1356,,,42.437,-0.11642,2.17694724623726
,0.41682,2.1313,,,42.506,-0.11367,2.17167644975028
,0.41131,2.127,,,42.575,-0.11093,2.16640368262704
,0.40574,2.1225,,,42.644,-0.1082,2.16093294611378
,0.4001,2.118,,,42.713,-0.10549,2.15545911814629
,0.39439,2.1134,,,42.782,-0.10278,2.14988442296324
,0.38863,2.1087,,,42.851,-0.10009,2.14421290148623
,0.3828,2.104,,,42.92,-0.097415,2.13853965125737
,0.377,2.0994,,,42.989,-0.094888,2.13298133137634
,0.37196,2.0971,,,43.058,-0.093571,2.1298316017
,0.36685,2.0948,,,43.127,-0.092289,2.12667956272213
,0.36166,2.0923,,,43.196,-0.09104,2.12332692857223
,0.35639,2.0898,,,43.265,-0.089825,2.11997119605432
,0.35104,2.0871,,,43.334,-0.088644,2.11641571804785
,0.34562,2.0844,,,43.403,-0.087497,2.1128598023532
,0.34013,2.0816,,,43.472,-0.086384,2.10920529510524
,0.33455,2.0787,,,43.541,-0.085305,2.10544945142361
,0.32906,2.076,,,43.61,-0.084386,2.10191733510145
,0.32459,2.0758,,,43.679,-0.084386,2.10102458531546
,0.32004,2.0755,,,43.748,-0.084424,2.10002996445289
,0.3154,2.075,,,43.817,-0.084499,2.0988335236507
,0.31068,2.0745,,,43.886,-0.084611,2.09763493306152
,0.30588,2.0738,,,43.955,-0.084761,2.09623686982173
,0.30099,2.0731,,,44.024,-0.084947,2.09483617261589
,0.29603,2.0723,,,44.093,-0.085172,2.09333729983966
,0.29098,2.0713,,,44.162,-0.085433,2.09163884320406
,0.28601,2.0706,,,44.231,-0.085784,2.0902598116263
,0.28187,2.0716,,,44.3,-0.086475,2.09068822565681
,0.27767,2.0726,,,44.369,-0.087198,2.09111725852473
,0.27338,2.0734,,,44.438,-0.087952,2.09134506583682
,0.26902,2.0742,,,44.507,-0.088739,2.0915729488593
,0.26459,2.0748,,,44.576,-0.089558,2.09160295182905
,0.26008,2.0754,,,44.645,-0.090408,2.09163256008315
,0.25549,2.0758,,,44.714,-0.091291,2.09146378885698
,0.25083,2.0762,,,44.783,-0.092206,2.09129675773191
,0.24624,2.0767,,,44.852,-0.093158,2.09124772028567
,0.24232,2.0785,,,44.921,-0.094162,2.09257765265712
,0.23834,2.0802,,,44.99,-0.095193,2.09380944586655
,0.2343,2.0819,,,45.059,-0.096251,2.09504274419402
,0.2302,2.0835,,,45.128,-0.097336,2.09617849669345
,0.22604,2.085,,,45.197,-0.098449,2.09721698486351
,0.22182,2.0864,,,45.267,-0.099588,2.09815849553841
,0.21754,2.0877,,,45.336,-0.10075,2.09900332100738
,0.2132,2.0889,,,45.405,-0.10195,2.09975175913726
,0.20895,2.0904,,,45.474,-0.10319,2.10081704641313
,0.20529,2.0929,,,45.543,-0.10453,2.10294422039673
,0.20158,2.0954,,,45.612,-0.1059,2.10507378882547
,0.19784,2.0978,,,45.681,-0.10729,2.10710832792242
,0.19405,2.1001,,,45.75,-0.1087,2.10904609065331
,0.19022,2.1024,,,45.819,-0.11013,2.11098778025833
,0.18634,2.1046,,,45.888,-0.11159,2.11283311115668
,0.18243,2.1067,,,45.957,-0.11307,2.11458402408133
,0.17847,2.1088,,,46.026,-0.11458,2.11633857898494
,0.17462,2.1111,,,46.095,-0.11615,2.11830955112797
,0.17134,2.1144,,,46.164,-0.11793,2.1213308925295
,0.16803,2.1177,,,46.233,-0.11973,2.12435575431706
,0.16469,2.1209,,,46.302,-0.12156,2.1272845616184
,0.16132,2.124,,,46.371,-0.1234,2.1301174010838
,0.15792,2.1271,,,46.44,-0.12526,2.13295408680074
,0.1545,2.1302,,,46.509,-0.12714,2.13579547007666
,0.15105,2.1332,,,46.578,-0.12904,2.13854117157
,0.14757,2.1361,,,46.647,-0.13096,2.14119128405194
,0.14422,2.1393,,,46.716,-0.13293,2.14415575423055
,0.1414,2.1432,,,46.785,-0.13504,2.14785944605321
,0.13857,2.1471,,,46.854,-0.13717,2.15156688366874
,0.13571,2.151,,,46.923,-0.13931,2.15527682771843
,0.13284,2.1548,,,46.992,-0.14147,2.15889080446418
,0.12995,2.1586,,,47.061,-0.14364,2.16250802599667
,0.12705,2.1624,,,47.13,-0.14584,2.16612914261823
,0.12428,2.1676,,,47.199,-0.1479,2.17115989240774
,0.12161,2.1739,,,47.268,-0.14988,2.17729883160305
,0.11907,2.1804,,,47.337,-0.15187,2.18364874118985
,0.11698,2.1872,,,47.406,-0.15379,2.19032603974842
,0.11487,2.194,,,47.475,-0.15574,2.19700503342619
,0.11274,2.2008,,,47.544,-0.15772,2.20368576425951
,0.1106,2.2076,,,47.613,-0.15972,2.21036877466182
,0.10844,2.2144,,,47.682,-0.16176,2.21705358383599
,0.10625,2.2212,,,47.751,-0.16382,2.22373975601913
,0.10405,2.228,,,47.82,-0.16591,2.23042830023742
,0.10183,2.2348,,,47.889,-0.16803,2.23711876951136
,0.099714,2.2416,,,47.958,-0.17011,2.24381671305746
,0.097902,2.2486,,,48.027,-0.17208,2.25073027295676
,0.096079,2.2556,,,48.096,-0.17406,2.25764535174172
,0.094244,2.2626,,,48.165,-0.17607,2.26456192044642
,0.092397,2.2695,,,48.234,-0.1781,2.27138007731181
,0.090539,2.2765,,,48.303,-0.18015,2.27829970823002
,0.088669,2.2835,,,48.372,-0.18223,2.28522087369274
,0.086787,2.2904,,,48.441,-0.18432,2.29204366087756
,0.084893,2.2974,,,48.51,-0.18644,2.29896793832559
,0.083079,2.3044,,,48.579,-0.18857,2.30589710963889
,0.081472,2.3115,,,48.648,-0.19069,2.31293535075756
,0.079859,2.3187,,,48.717,-0.19284,2.32007481557837
,0.078239,2.3259,,,48.786,-0.195,2.32721553602605
,0.076614,2.333,,,48.855,-0.19718,2.33425763466589
,0.074982,2.3402,,,48.924,-0.19938,2.34140093540683
,0.073344,2.3473,,,48.993,-0.20159,2.3484455778953
,0.0717,2.3544,,,49.062,-0.20382,2.3554915092184
,0.07005,2.3615,,,49.131,-0.20607,2.36253873037036
,0.068467,2.3687,,,49.2,-0.20833,2.36968930876792
,0.067037,2.376,,,49.269,-0.2106,2.37694551039122
,0.065602,2.3833,,,49.338,-0.21288,2.38420269952116
,0.064163,2.3906,,,49.407,-0.21518,2.39146090299821
,0.06272,2.3979,,,49.476,-0.2175,2.39872011881336
,0.061271,2.4051,,,49.545,-0.21982,2.40588032650026
,0.059819,2.4124,,,49.614,-0.22216,2.41314153599846
,0.058362,2.4197,,,49.683,-0.22452,2.42040372934847
,0.0569,2.4269,,,49.752,-0.22689,2.42756693419564
,0.055464,2.4342,,,49.821,-0.22918,2.43483180020633
,0.054083,2.4414,,,49.89,-0.23128,2.44199896209826
,0.052697,2.4486,,,49.959,-0.23341,2.44916698773461
,0.051308,2.4558,,,50.028,-0.23554,2.45633591979273
,0.049914,2.463,,,50.097,-0.23768,2.46350571491036
,0.048517,2.4702,,,50.166,-0.23984,2.47067641331053
,0.047115,2.4774,,,50.235,-0.24201,2.47784797419555
,0.04571,2.4846,,,50.304,-0.24419,2.48502043534857
,0.0443,2.4918,,,50.373,-0.24638,2.49219375851879
,0.042864,2.499,,,50.442,-0.24839,2.49936758450933
,0.041384,2.5061,,,50.511,-0.25007,2.50644167006855
,0.0399,2.5132,,,50.58,-0.25176,2.51351670971171
,0.038412,2.5203,,,50.649,-0.25346,2.5205927024698
,0.03692,2.5274,,,50.718,-0.25517,2.52766964740252
,0.035425,2.5345,,,50.787,-0.25688,2.53474755757353
,0.033926,2.5416,,,50.856,-0.25861,2.54182641686564
,0.032424,2.5487,,,50.925,-0.26034,2.54890623714879
,0.030918,2.5558,,,50.994,-0.26208,2.55598700362971
,0.029359,2.5628,,,51.063,-0.26361,2.56296816033305
,0.027716,2.5699,,,51.132,-0.26478,2.57004945218103
,0.02607,2.577,,,51.201,-0.26596,2.57713186408845
,0.024419,2.5841,,,51.27,-0.26715,2.58421537367941
,0.022764,2.5912,,,51.339,-0.26834,2.59129999029368
,0.021105,2.5982,,,51.408,-0.26954,2.59828571581822
,0.019442,2.6053,,,51.477,-0.27074,2.60537254176135
,0.017775,2.6124,,,51.546,-0.27195,2.61246047063396
,0.016104,2.6194,,,51.615,-0.27317,2.61944950300936
,0.014396,2.6265,,,51.684,-0.27416,2.62653945236237
,0.012636,2.6336,,,51.753,-0.27483,2.63363031355883
,0.010873,2.6407,,,51.822,-0.2755,2.64072238452454
,0.009109,2.6479,,,51.891,-0.27617,2.64791566781894
,0.0073492,2.6552,,,51.96,-0.27674,2.65521017072861
,0.0055935,2.6626,,,52.029,-0.27722,2.6626058753113
,0.0038365,2.67,,,52.098,-0.2777,2.67000275631548
,0.0020784,2.6775,,,52.167,-0.27819,2.67750080667524
,0.00031913,2.6849,,,52.236,-0.27869,2.68490001896606
,-0.0014356,2.6922,,,52.305,-0.27893,2.69220038276265
,-0.0031823,2.6996,,,52.374,-0.27882,2.69960187565376
,-0.0049284,2.7069,,,52.443,-0.27871,2.70690448651713
,-0.0066737,2.7143,,,52.512,-0.27861,2.71430820436289
,-0.0084184,2.7216,,,52.581,-0.27852,2.72161301978414
,-0.010162,2.7289,,,52.65,-0.27844,2.7289189207897
,-0.011906,2.7362,,,52.719,-0.27836,2.73622590310742
,-0.013648,2.7435,,,52.788,-0.2783,2.74353394692029
,-0.01539,2.7507,,,52.857,-0.27824,2.7507430527223
,-0.017107,2.758,,,52.926,-0.27791,2.75805305413964
,-0.018789,2.7651,,,52.995,-0.27722,2.76516383538498
,-0.020468,2.7723,,,53.064,-0.27654,2.77237555699512
,-0.022144,2.7794,,,53.133,-0.27588,2.77948821129646
,-0.023816,2.7865,,,53.202,-0.27521,2.78660177489644
,-0.025485,2.7937,,,53.271,-0.27456,2.79381623862863
,-0.027151,2.8008,,,53.34,-0.27391,2.80093159802252
,-0.028813,2.8079,,,53.409,-0.27328,2.80804782704444
,-0.030472,2.815,,,53.478,-0.27265,2.81516492283916
,-0.032073,2.822,,,53.547,-0.27177,2.82218225444938
,-0.033608,2.8291,,,53.616,-0.2706,2.82929961433285
,-0.035138,2.8361,,,53.685,-0.26944,2.83631766363431
,-0.036663,2.8431,,,53.754,-0.2683,2.84333638276743
,-0.038183,2.8501,,,53.823,-0.26716,2.85035575875872
,-0.039699,2.8571,,,53.892,-0.26603,2.85737579268128
,-0.041209,2.8641,,,53.961,-0.26491,2.86439644457275
,-0.042715,2.8711,,,54.03,-0.2638,2.87141773018574
,-0.044215,2.8781,,,54.099,-0.2627,2.87843960788219
,-0.04558,2.8851,,,54.168,-0.26136,2.88546002335849
,-0.046804,2.892,,,54.237,-0.25979,2.89237871213574
,-0.048023,2.8989,,,54.306,-0.25823,2.8992977457531
,-0.049239,2.9058,,,54.375,-0.25668,2.90621714934053
,-0.05045,2.9127,,,54.444,-0.25514,2.91313688186807
,-0.051657,2.9196,,,54.513,-0.25362,2.92005695246668
,-0.05286,2.9265,,,54.582,-0.25211,2.92697735379008
,-0.054059,2.9334,,,54.651,-0.2506,2.93389807857754
,-0.055254,2.9403,,,54.72,-0.24912,2.94081911965289
,-0.056283,2.9472,,,54.789,-0.24743,2.94773737230592
,-0.057154,2.954,,,54.858,-0.24554,2.95455285613847
,-0.058021,2.9609,,,54.927,-0.24367,2.96146842739223
,-0.058887,2.9677,,,54.996,-0.24181,2.96828417924716
,-0.059749,2.9746,,,55.065,-0.23997,2.97520001058769
,-0.060609,2.9815,,,55.134,-0.23814,2.98211597710099
,-0.061467,2.9883,,,55.203,-0.23632,2.98893209726969
,-0.062321,2.9952,,,55.272,-0.23451,2.99584828505066
,-0.063173,3.0021,,,55.341,-0.23272,3.00276459915342
,-0.063883,3.009,,,55.41,-0.2308,3.00967806213372
,-0.064468,3.0159,,,55.479,-0.22875,3.01658895659054
,-0.065051,3.0227,,,55.548,-0.22672,3.02339989458904
,-0.065633,3.0296,,,55.617,-0.2247,3.03031085050511
,-0.066215,3.0365,,,55.686,-0.22269,3.03722186812636
,-0.066795,3.0434,,,55.755,-0.2207,3.04413290314746
,-0.067374,3.0503,,,55.824,-0.21872,3.05104397639169
,-0.067954,3.0571,,,55.893,-0.21675,3.05785515617009
,-0.068591,3.0611,,,55.962,-0.21478,3.06186837327815
,-0.069121,3.0651,,,56.031,-0.21277,3.0658792739834
,-0.069566,3.0692,,,56.1,-0.21074,3.06998828472618
,-0.070012,3.0732,,,56.169,-0.20872,3.0739973845376
,-0.070459,3.0773,,,56.238,-0.20672,3.07810652198409
,-0.070909,3.0814,,,56.307,-0.20472,3.08221576893653
,-0.071359,3.0854,,,56.376,-0.20274,3.08622508363875
,-0.071812,3.0895,,,56.445,-0.20077,3.09033448243778
,-0.072266,3.0936,,,56.514,-0.19882,3.09444394597091
,-0.072721,3.0977,,,56.583,-0.19688,3.09855347442012
,-0.073047,3.1018,,,56.652,-0.19495,3.1026600046104
,-0.073277,3.106,,,56.721,-0.19305,3.1068642581756
,-0.07351,3.1102,,,56.79,-0.19117,3.11106858813817
,-0.073746,3.1144,,,56.859,-0.18929,3.11527299486193
,-0.073984,3.1186,,,56.928,-0.18743,3.11947745500044
,-0.074225,3.1228,,,56.997,-0.18559,3.12368199255702
,-0.074468,3.127,,,57.066,-0.18376,3.12788658410499
,-0.074714,3.1312,,,57.135,-0.18194,3.13209125374661
,-0.074962,3.1354,,,57.204,-0.18013,3.1362959779721
,-0.0751,3.1397,,,57.273,-0.17836,3.14059804814306
,-0.075164,3.144,,,57.342,-0.17663,3.14489834921512
,-0.075232,3.1484,,,57.411,-0.17491,3.1492987177821
,-0.075303,3.1527,,,57.48,-0.1732,3.15359918693055
,-0.075378,3.157,,,57.549,-0.1715,3.1578997518737
,-0.075457,3.1614,,,57.618,-0.16982,3.16230038403201
,-0.07554,3.1657,,,57.687,-0.16816,3.16660114027643
,-0.075626,3.1701,,,57.756,-0.1665,3.17100193974649
,-0.075716,3.1744,,,57.825,-0.16487,3.17530286313857
,-0.075771,3.1789,,,57.894,-0.16328,3.17980289553315
,-0.075803,3.1834,,,57.963,-0.16174,3.1843023811832
,-0.075839,3.1878,,,58.032,-0.16021,3.18870199202136
,-0.075877,3.1923,,,58.101,-0.15869,3.1932016236262
,-0.075917,3.1968,,,58.17,-0.15718,3.19770130420103
,-0.07596,3.2013,,,58.239,-0.15568,3.20220105733541
,-0.076006,3.2058,,,58.308,-0.1542,3.20670088284455
,-0.076055,3.2103,,,58.377,-0.15272,3.21120078055313
,-0.076106,3.2147,,,58.446,-0.15125,3.21560075463917
,-0.076159,3.2193,,,58.515,-0.14981,3.22020072096151
,-0.076213,3.2239,,,58.584,-0.14839,3.22480071188422
,-0.076267,3.2285,,,58.653,-0.14698,3.22940070373576
,-0.076321,3.2331,,,58.722,-0.14557,3.23400069651214
,-0.076375,3.2377,,,58.791,-0.14417,3.23860069020943
,-0.076429,3.2423,,,58.86,-0.14278,3.24320068482371
,-0.076483,3.2469,,,58.929,-0.1414,3.24780068035109
,-0.076538,3.2515,,,58.998,-0.14002,3.2524007003203
,-0.076592,3.256,,,59.067,-0.13866,3.25690072530067
,-0.076596,3.2606,,,59.136,-0.13727,3.26149954886031
,-0.076573,3.2651,,,59.205,-0.13587,3.26599777010472
,-0.076549,3.2697,,,59.274,-0.13448,3.27059594560395
,-0.076523,3.2742,,,59.343,-0.1331,3.27509410697296
,-0.076496,3.2788,,,59.412,-0.13173,3.2796922230624
,-0.076467,3.2833,,,59.481,-0.13037,3.28419032519265
,-0.076438,3.2878,,,59.55,-0.12901,3.28868843277134
,-0.076406,3.2924,,,59.619,-0.12766,3.29328644925339
,-0.076374,3.2969,,,59.688,-0.12632,3.29778449839828
,-0.076277,3.3014,,,59.757,-0.12494,3.30228105114162
,-0.076149,3.306,,,59.826,-0.12354,3.30687687557323
,-0.076014,3.3096,,,59.895,-0.12216,3.31047281943169
,-0.075871,3.3123,,,59.964,-0.1208,3.31316883038595
,-0.075726,3.3151,,,60.033,-0.11945,3.31596478224302
,-0.075579,3.3179,,,60.102,-0.11812,3.31876070171397
,-0.07543,3.3207,,,60.171,-0.11679,3.32155658914612
,-0.07528,3.3234,,,60.24,-0.11546,3.32425249317798
,-0.075128,3.3262,,,60.309,-0.11415,3.327048339953
,-0.074825,3.3289,,,60.378,-0.11278,3.32974082934768
,-0.074458,3.3316,,,60.447,-0.1114,3.33243192785149
,-0.074091,3.3343,,,60.516,-0.11002,3.33512308112924
,-0.073722,3.337,,,60.585,-0.10865,3.33781424487403
,-0.073353,3.3396,,,60.654,-0.10728,3.3404054877528
,-0.072983,3.3423,,,60.723,-0.10593,3.34309673929562
,-0.072612,3.345,,,60.792,-0.10458,3.34578802414977
,-0.072241,3.3476,,,60.861,-0.10324,3.34837938741729
,-0.071868,3.3503,,,60.93,-0.1019,3.35107073924499
,-0.071399,3.3529,,,60.999,-0.10053,3.35366012398409
,-0.070892,3.3555,,,61.068,-0.099152,3.3562487878082
,-0.070383,3.3582,,,61.137,-0.097776,3.35893748180716
,-0.069873,3.3608,,,61.206,-0.096406,3.36152627181895
,-0.069362,3.3634,,,61.275,-0.095041,3.36411513581863
,-0.06885,3.366,,,61.344,-0.093682,3.36670407409086
,-0.068336,3.3686,,,61.413,-0.09233,3.36929306663816
,-0.067821,3.3712,,,61.482,-0.090982,3.37188213436369
,-0.067305,3.3738,,,61.551,-0.089641,3.37447127755223
,-0.066693,3.3763,,,61.62,-0.088327,3.37695863851617
,-0.066048,3.3788,,,61.689,-0.087024,3.3794454838485
,-0.065404,3.3813,,,61.758,-0.085724,3.38193249093118
,-0.064761,3.3839,,,61.827,-0.084426,3.38451964052818
,-0.064118,3.3864,,,61.896,-0.083132,3.38700694978974
,-0.063476,3.3889,,,61.965,-0.081841,3.38949441843116
,-0.062834,3.3914,,,62.034,-0.080553,3.39198202700958
,-0.062193,3.3939,,,62.103,-0.079268,3.39446979353904
,-0.061553,3.3964,,,62.172,-0.077986,3.39695771710644
,-0.060862,3.3989,,,62.241,-0.076832,3.399444865422
,-0.060158,3.4015,,,62.31,-0.075716,3.40203192738751
,-0.059456,3.404,,,62.379,-0.0746,3.40451920481233
,-0.058758,3.4066,,,62.448,-0.073483,3.40710669961538
,-0.058062,3.4091,,,62.517,-0.072366,3.40959440488806
,-0.05737,3.4116,,,62.586,-0.071249,3.41208233735647
,-0.05668,3.4142,,,62.655,-0.070131,3.41467044711492
,-0.055994,3.4167,,,62.724,-0.069013,3.41715879321345
,-0.05531,3.4192,,,62.793,-0.067894,3.41964732627504
,-0.054602,3.4218,,,62.862,-0.066985,3.42223561702055
,-0.053891,3.4245,,,62.931,-0.06613,3.42492401227837
,-0.053185,3.4271,,,63,-0.06527,3.42751266288325
,-0.052485,3.4298,,,63.069,-0.064405,3.43020155606416
,-0.05179,3.4324,,,63.138,-0.063536,3.43279069622661
,-0.051089,3.4341,,,63.207,-0.062648,3.43448000371541
,-0.050385,3.4352,,,63.276,-0.061746,3.43556948528552
,-0.049684,3.4363,,,63.346,-0.060838,3.43665916114124
,-0.048986,3.4374,,,63.415,-0.059925,3.43774902926261
,-0.048383,3.4386,,,63.484,-0.05925,3.43894037091209
,-0.047807,3.4398,,,63.553,-0.058624,3.44013219938551
,-0.047234,3.441,,,63.622,-0.057989,3.44132417112309
,-0.046665,3.4422,,,63.691,-0.057346,3.44251629803332
,-0.046099,3.4434,,,63.76,-0.056693,3.44370856458571
,-0.045538,3.4446,,,63.829,-0.056032,3.44490099559392
,-0.04498,3.4458,,,63.898,-0.055363,3.44609356233983
,-0.044426,3.447,,,63.967,-0.054685,3.44728627611285
,-0.043876,3.4481,,,64.036,-0.053998,3.4483791429273
,-0.043576,3.4494,,,64.105,-0.053512,3.44967523511649
,-0.04333,3.4507,,,64.174,-0.053057,3.4509720339203
,-0.043087,3.452,,,64.243,-0.052592,3.45226889010242
,-0.042847,3.4532,,,64.312,-0.052115,3.45346581066166
,-0.04261,3.4545,,,64.381,-0.051627,3.45476277942495
,-0.042377,3.4557,,,64.45,-0.051128,3.4559598232805
,-0.042146,3.457,,,64.519,-0.050617,3.45725690183938
,-0.041919,3.4582,,,64.588,-0.050095,3.45845405384559
,-0.041694,3.4594,,,64.657,-0.049561,3.45965124682185
,-0.041776,3.4607,,,64.726,-0.049177,3.46095214127211
,-0.041911,3.4619,,,64.795,-0.048808,3.46215368548552
,-0.042044,3.4632,,,64.864,-0.048428,3.46345520224183
,-0.042178,3.4644,,,64.933,-0.048036,3.4646567425481
,-0.04231,3.4656,,,65.002,-0.047633,3.465858262552
,-0.042442,3.4668,,,65.071,-0.047217,3.46705978652864
,-0.042573,3.468,,,65.14,-0.04679,3.4682613021987
,-0.042703,3.4692,,,65.209,-0.046352,3.46946280945754
,-0.042832,3.4703,,,65.278,-0.045901,3.47056431581724
,-0.043165,3.4714,,,65.347,-0.045544,3.47166835645702
,-0.043524,3.4725,,,65.416,-0.045192,3.47277275222206
,-0.043878,3.4735,,,65.485,-0.04483,3.4737771271174
,-0.044227,3.4745,,,65.554,-0.044457,3.47478147191
,-0.044572,3.4755,,,65.623,-0.044073,3.47578579794325
,-0.044912,3.4765,,,65.692,-0.043679,3.47679009112486
,-0.045247,3.4775,,,65.761,-0.043274,3.47779435001683
,-0.045578,3.4784,,,65.83,-0.042859,3.47869859488919
,-0.045904,3.4794,,,65.899,-0.042433,3.47970279438
,-0.046422,3.4802,,,65.968,-0.041962,3.48050959517195
,-0.046957,3.481,,,66.037,-0.041478,3.48131669915982
,-0.047485,3.4817,,,66.106,-0.040985,3.4820237959016
,-0.048006,3.4825,,,66.175,-0.040484,3.48283086382845
,-0.04852,3.4832,,,66.244,-0.039975,3.48353791861091
,-0.049027,3.484,,,66.313,-0.039457,3.48434493796596
,-0.049526,3.4847,,,66.382,-0.038931,3.48505192424388
,-0.050019,3.4854,,,66.451,-0.038397,3.48575889303334
,-0.050486,3.4852,,,66.52,-0.03786,3.48556564651937
,-0.050984,3.4842,,,66.589,-0.037155,3.48457300228536
,-0.051477,3.4833,,,66.658,-0.036432,3.48368034864409
,-0.051963,3.4823,,,66.727,-0.035708,3.48268767525441
,-0.052439,3.4812,,,66.796,-0.034982,3.48159493461273
,-0.052908,3.4802,,,66.865,-0.034255,3.48060214567307
,-0.053368,3.4792,,,66.934,-0.033527,3.47960928602968
,-0.053819,3.4781,,,67.003,-0.032797,3.47851636402087
,-0.054262,3.4771,,,67.072,-0.032065,3.47752336795082
,-0.054697,3.476,,,67.141,-0.031332,3.47643031884849
,-0.055063,3.4746,,,67.21,-0.030436,3.47503627232422
,-0.055415,3.4732,,,67.279,-0.029532,3.47364204578206
,-0.055757,3.4718,,,67.348,-0.028633,3.4722476989767
,-0.056089,3.4703,,,67.417,-0.027737,3.47075324186566
,-0.05641,3.4689,,,67.486,-0.026845,3.46935862921376
,-0.056721,3.4674,,,67.555,-0.025956,3.46786390042069
,-0.057022,3.466,,,67.624,-0.025071,3.46646902603846
,-0.057313,3.4645,,,67.693,-0.02419,3.46497403020124
,-0.057593,3.463,,,67.762,-0.023313,3.46347888020831
,-0.057689,3.4608,,,67.831,-0.022295,3.46128078328254
,-0.057767,3.4585,,,67.9,-0.021278,3.45898240473828
,-0.057832,3.4562,,,67.969,-0.020268,3.45668381259033
,-0.057886,3.4539,,,68.038,-0.019266,3.45438503919236
,-0.057928,3.4517,,,68.107,-0.01827,3.45218605280538
,-0.057958,3.4493,,,68.176,-0.017282,3.44978689483336
,-0.057976,3.447,,,68.245,-0.016302,3.44748752232347
,-0.057983,3.4447,,,68.314,-0.015328,3.44518796559622
,-0.057977,3.4424,,,68.383,-0.014362,3.44288819053553
,-0.057775,3.4404,,,68.452,-0.012751,3.44088507663726
,-0.057564,3.4383,,,68.521,-0.011132,3.4387818343268
,-0.057347,3.4363,,,68.59,-0.0095204,3.43677848695679
,-0.057125,3.4343,,,68.659,-0.007916,3.43477506623432
,-0.056897,3.4322,,,68.728,-0.0063186,3.43267157016354
,-0.056665,3.4302,,,68.797,-0.0047283,3.43066800524694
,-0.056427,3.4282,,,68.866,-0.0031451,3.42866435311609
,-0.056184,3.4261,,,68.935,-0.001569,3.42656064470717
,-0.055935,3.424,,,69.004,0,3.42445685098017
